variable,value
"qint[agr-a,USA]",0.999999382893803
"qint[man-a,USA]",0.9999995094012337
"qint[srv-a,USA]",1.0000001194372143
"qint[agr-a,E27]",1.0000000618831328
"qint[man-a,E27]",1.0000000684673007
"qint[srv-a,E27]",0.9999999761984949
"qint[agr-a,ROW]",1.0000001266149887
"qint[man-a,ROW]",1.000000144758577
"qint[srv-a,ROW]",0.999999924186282
"qva[agr-a,USA]",0.999999382893803
"qva[man-a,USA]",0.9999995094012337
"qva[srv-a,USA]",1.0000001194372143
"qva[agr-a,E27]",1.0000000618831328
"qva[man-a,E27]",1.0000000684673007
"qva[srv-a,E27]",0.9999999761984949
"qva[agr-a,ROW]",1.0000001266149887
"qva[man-a,ROW]",1.000000144758577
"qva[srv-a,ROW]",0.999999924186282
"po[agr-a,USA]",1.0000002657671156
"po[man-a,USA]",1.0000002258174454
"po[srv-a,USA]",1.000000284356197
"po[agr-a,E27]",0.9999999547366363
"po[man-a,E27]",0.9999999547279036
"po[srv-a,E27]",0.9999999552966624
"po[agr-a,ROW]",0.9999999047208572
"po[man-a,ROW]",0.9999999162704656
"po[srv-a,ROW]",0.9999999054540066
"qfa[agr,agr-a,USA]",0.999999382893803
"qfa[man,agr-a,USA]",0.999999382893803
"qfa[srv,agr-a,USA]",0.999999382893803
"qfa[agr,man-a,USA]",0.9999995094012337
"qfa[man,man-a,USA]",0.9999995094012337
"qfa[srv,man-a,USA]",0.9999995094012337
"qfa[agr,srv-a,USA]",1.0000001194372143
"qfa[man,srv-a,USA]",1.0000001194372143
"qfa[srv,srv-a,USA]",1.0000001194372143
"qfa[agr,agr-a,E27]",1.0000000618831328
"qfa[man,agr-a,E27]",1.0000000618831328
"qfa[srv,agr-a,E27]",1.0000000618831328
"qfa[agr,man-a,E27]",1.0000000684673007
"qfa[man,man-a,E27]",1.0000000684673007
"qfa[srv,man-a,E27]",1.0000000684673007
"qfa[agr,srv-a,E27]",0.9999999761984949
"qfa[man,srv-a,E27]",0.9999999761984949
"qfa[srv,srv-a,E27]",0.9999999761984949
"qfa[agr,agr-a,ROW]",1.0000001266149887
"qfa[man,agr-a,ROW]",1.0000001266149887
"qfa[srv,agr-a,ROW]",1.0000001266149887
"qfa[agr,man-a,ROW]",1.000000144758577
"qfa[man,man-a,ROW]",1.000000144758577
"qfa[srv,man-a,ROW]",1.000000144758577
"qfa[agr,srv-a,ROW]",0.999999924186282
"qfa[man,srv-a,ROW]",0.999999924186282
"qfa[srv,srv-a,ROW]",0.999999924186282
"pint[agr-a,USA]",1.00000023934882
"pint[man-a,USA]",1.00000018299405
"pint[srv-a,USA]",1.000000241510872
"pint[agr-a,E27]",0.999999954591627
"pint[man-a,E27]",0.9999999546409
"pint[srv-a,E27]",0.9999999559410291
"pint[agr-a,ROW]",0.9999999165218355
"pint[man-a,ROW]",0.9999999232296795
"pint[srv-a,ROW]",0.9999999169697132
"qfe[LAB,agr-a,USA]",0.9999993785520126
"qfe[CAP,agr-a,USA]",0.9999993854687264
"qfe[LAB,man-a,USA]",0.9999994995288235
"qfe[CAP,man-a,USA]",0.9999995303776777
"qfe[LAB,srv-a,USA]",1.0000001095298707
"qfe[CAP,srv-a,USA]",1.0000001457846974
"qfe[LAB,agr-a,E27]",1.0000000615191178
"qfe[CAP,agr-a,E27]",1.000000062403693
"qfe[LAB,man-a,E27]",1.0000000668227012
"qfe[CAP,man-a,E27]",1.0000000710419235
"qfe[LAB,srv-a,E27]",0.9999999741040113
"qfe[CAP,srv-a,E27]",0.999999978729106
"qfe[LAB,agr-a,ROW]",1.0000001292685134
"qfe[CAP,agr-a,ROW]",1.0000001239650358
"qfe[LAB,man-a,ROW]",1.0000001566117214
"qfe[CAP,man-a,ROW]",1.0000001364608857
"qfe[LAB,srv-a,ROW]",0.9999999369230803
"qfe[CAP,srv-a,ROW]",0.999999908134123
"pva[agr-a,USA]",1.0000003028696944
"pva[man-a,USA]",1.0000003111232854
"pva[srv-a,USA]",1.0000003123774355
"pva[agr-a,E27]",0.9999999548658575
"pva[man-a,E27]",0.9999999549415399
"pva[srv-a,E27]",0.9999999547218603
"pva[agr-a,ROW]",0.9999998975218748
"pva[man-a,ROW]",0.9999998993473325
"pva[srv-a,ROW]",0.9999998963188689
"qca[agr,agr-a,USA]",0.999999382893803
"qca[man,agr-a,USA]",0.0
"qca[srv,agr-a,USA]",0.0
"qca[agr,man-a,USA]",0.0
"qca[man,man-a,USA]",0.9999995094012337
"qca[srv,man-a,USA]",0.0
"qca[agr,srv-a,USA]",0.0
"qca[man,srv-a,USA]",0.0
"qca[srv,srv-a,USA]",1.0000001194372143
"qca[agr,agr-a,E27]",1.0000000618831328
"qca[man,agr-a,E27]",0.0
"qca[srv,agr-a,E27]",0.0
"qca[agr,man-a,E27]",0.0
"qca[man,man-a,E27]",1.0000000684673007
"qca[srv,man-a,E27]",0.0
"qca[agr,srv-a,E27]",0.0
"qca[man,srv-a,E27]",0.0
"qca[srv,srv-a,E27]",0.9999999761984949
"qca[agr,agr-a,ROW]",1.0000001266149887
"qca[man,agr-a,ROW]",0.0
"qca[srv,agr-a,ROW]",0.0
"qca[agr,man-a,ROW]",0.0
"qca[man,man-a,ROW]",1.000000144758577
"qca[srv,man-a,ROW]",0.0
"qca[agr,srv-a,ROW]",0.0
"qca[man,srv-a,ROW]",0.0
"qca[srv,srv-a,ROW]",0.999999924186282
"qo[agr-a,USA]",0.999999382893803
"qo[man-a,USA]",0.9999995094012337
"qo[srv-a,USA]",1.0000001194372143
"qo[agr-a,E27]",1.0000000618831328
"qo[man-a,E27]",1.0000000684673007
"qo[srv-a,E27]",0.9999999761984949
"qo[agr-a,ROW]",1.0000001266149887
"qo[man-a,ROW]",1.000000144758577
"qo[srv-a,ROW]",0.999999924186282
"pca[agr,agr-a,USA]",1.0000002657671154
"pca[man,agr-a,USA]",1.0
"pca[srv,agr-a,USA]",1.0
"pca[agr,man-a,USA]",1.0
"pca[man,man-a,USA]",1.0000002258174452
"pca[srv,man-a,USA]",1.0
"pca[agr,srv-a,USA]",1.0
"pca[man,srv-a,USA]",1.0
"pca[srv,srv-a,USA]",1.000000284356197
"pca[agr,agr-a,E27]",0.9999999547366363
"pca[man,agr-a,E27]",1.0
"pca[srv,agr-a,E27]",1.0
"pca[agr,man-a,E27]",1.0
"pca[man,man-a,E27]",0.9999999547279036
"pca[srv,man-a,E27]",1.0
"pca[agr,srv-a,E27]",1.0
"pca[man,srv-a,E27]",1.0
"pca[srv,srv-a,E27]",0.9999999552966623
"pca[agr,agr-a,ROW]",0.9999999047208572
"pca[man,agr-a,ROW]",1.0
"pca[srv,agr-a,ROW]",1.0
"pca[agr,man-a,ROW]",1.0
"pca[man,man-a,ROW]",0.9999999162704656
"pca[srv,man-a,ROW]",1.0
"pca[agr,srv-a,ROW]",1.0
"pca[man,srv-a,ROW]",1.0
"pca[srv,srv-a,ROW]",0.9999999054540066
"pds[agr,USA]",1.0000002657671154
"pds[man,USA]",1.0000002258174452
"pds[srv,USA]",1.000000284356197
"pds[agr,E27]",0.9999999547366363
"pds[man,E27]",0.9999999547279036
"pds[srv,E27]",0.9999999552966623
"pds[agr,ROW]",0.9999999047208572
"pds[man,ROW]",0.9999999162704656
"pds[srv,ROW]",0.9999999054540066
"ps[agr,agr-a,USA]",1.0000002657671156
"ps[man,agr-a,USA]",1.0
"ps[srv,agr-a,USA]",1.0
"ps[agr,man-a,USA]",1.0
"ps[man,man-a,USA]",1.0000002258174454
"ps[srv,man-a,USA]",1.0
"ps[agr,srv-a,USA]",1.0
"ps[man,srv-a,USA]",1.0
"ps[srv,srv-a,USA]",1.000000284356197
"ps[agr,agr-a,E27]",0.9999999547366363
"ps[man,agr-a,E27]",1.0
"ps[srv,agr-a,E27]",1.0
"ps[agr,man-a,E27]",1.0
"ps[man,man-a,E27]",0.9999999547279036
"ps[srv,man-a,E27]",1.0
"ps[agr,srv-a,E27]",1.0
"ps[man,srv-a,E27]",1.0
"ps[srv,srv-a,E27]",0.9999999552966624
"ps[agr,agr-a,ROW]",0.9999999047208572
"ps[man,agr-a,ROW]",1.0
"ps[srv,agr-a,ROW]",1.0
"ps[agr,man-a,ROW]",1.0
"ps[man,man-a,ROW]",0.9999999162704656
"ps[srv,man-a,ROW]",1.0
"ps[agr,srv-a,ROW]",1.0
"ps[man,srv-a,ROW]",1.0
"ps[srv,srv-a,ROW]",0.9999999054540065
taxrout[USA],1.0000003099455794
taxrout[E27],0.9999999952947116
taxrout[ROW],0.9999999448043043
taxrfu[USA],1.000000326231148
taxrfu[E27],0.9999999559894389
taxrfu[ROW],0.9999998710850162
taxriu[USA],1.0000001556033171
taxriu[E27],0.9999999604139591
taxriu[ROW],0.9999999258174193
taxrpc[USA],1.0000002814452216
taxrpc[E27],1.0000002407568571
taxrpc[ROW],1.0000000629944643
taxrgc[USA],1.0000003816606424
taxrgc[E27],0.9999994166704245
taxrgc[ROW],0.9999995924304721
taxric[USA],1.0000017967392805
taxric[E27],0.9999998256744632
taxric[ROW],0.9999992703703194
taxrexp[USA],0.999998228327723
taxrexp[E27],0.9999998967931201
taxrexp[ROW],1.000000278219471
taxrimp[USA],1.0000007708901333
taxrimp[E27],0.9999999503551745
taxrimp[ROW],0.9999998680487504
indtax[USA],1.000000326089629
indtax[E27],1.0000000302157221
indtax[ROW],0.9999998990865788
fincome[USA],1.0000003265649764
fincome[E27],0.9999999543195756
fincome[ROW],0.9999998931839579
y[USA],1.0000003264778878
y[E27],0.9999999806412799
y[ROW],0.9999998941506878
uepriv[USA],1.0000000736581747
uepriv[E27],0.9999991754759407
uepriv[ROW],0.9999995313573068
uelas[USA],1.0000000589199127
uelas[E27],0.9999994383087483
uelas[ROW],0.9999997039999028
yp[USA],1.0000003117396221
yp[E27],1.000000243474299
yp[ROW],1.0000000667933464
yg[USA],1.0000003853978194
yg[E27],0.9999994189500391
yg[ROW],0.9999995981506222
save[USA],1.0000156500531387
save[E27],0.999999506793098
save[ROW],0.9999988178976761
u[USA],1.0000002443725344
u[E27],1.0000000297668672
u[ROW],0.9999998372452089
us[USA],1.0000154095536349
us[E27],0.9999995348193284
us[ROW],0.9999988851433099
"zshr[agr,USA]",0.99999990447401
"zshr[man,USA]",0.9999999775438324
"zshr[srv,USA]",1.0000000049532394
"zshr[agr,E27]",0.9999998038641768
"zshr[man,E27]",0.9999999829947221
"zshr[srv,E27]",1.0000000087499177
"zshr[agr,ROW]",0.9999999285094596
"zshr[man,ROW]",0.9999999843918084
"zshr[srv,ROW]",1.0000000081598248
"conshr[agr,USA]",0.9999999061183974
"conshr[man,USA]",0.9999999791882198
"conshr[srv,USA]",1.0000000065976264
"conshr[agr,E27]",0.9999998080149537
"conshr[man,E27]",0.9999999871454991
"conshr[srv,E27]",1.000000012900694
"conshr[agr,ROW]",0.9999999329726391
"conshr[man,ROW]",0.9999999888549878
"conshr[srv,ROW]",1.0000000126230044
"qpa[agr,USA]",1.000000035005895
"qpa[man,USA]",1.0000001480266176
"qpa[srv,USA]",1.0000000375624323
"qpa[agr,E27]",1.0000000996075233
"qpa[man,E27]",1.0000002766292302
"qpa[srv,E27]",1.0000002998117101
"qpa[agr,ROW]",1.0000000866751586
"qpa[man,ROW]",1.0000001283091347
"qpa[srv,ROW]",1.000000171053625
up[USA],1.000000061000135
up[E27],1.0000002879582617
up[ROW],1.0000001517771067
"qga[agr,USA]",1.0000001233387246
"qga[man,USA]",1.0000002535242016
"qga[srv,USA]",1.0000001011368975
"qga[agr,E27]",0.9999994681047357
"qga[man,E27]",0.9999994653373594
"qga[srv,E27]",0.9999994634223425
"qga[agr,ROW]",0.9999996856646796
"qga[man,ROW]",0.9999996626065635
"qga[srv,ROW]",0.9999996915108494
pgov[USA],1.0000002840659872
pgov[E27],0.9999999554948317
pgov[ROW],0.9999999071752462
xg[USA],1.0000001013318323
xg[E27],0.9999994634552075
xg[ROW],0.999999690975376
ug[USA],1.0000001013318323
ug[E27],0.9999994634552075
ug[ROW],0.9999996909753759
"qia[agr,USA]",1.0000016438146313
"qia[man,USA]",1.0000016438146313
"qia[srv,USA]",1.0000016438146313
"qia[agr,E27]",0.9999998724968581
"qia[man,E27]",0.9999998724968581
"qia[srv,E27]",0.9999998724968581
"qia[agr,ROW]",0.9999993561039743
"qia[man,ROW]",0.9999993561039743
"qia[srv,ROW]",0.9999993561039743
pinv[USA],1.000000223816606
pinv[E27],0.9999999552908718
pinv[ROW],0.9999999160714681
qinv[USA],1.0000016438146313
qinv[E27],0.9999998724968581
qinv[ROW],0.9999993561039743
"pfd[agr,agr-a,USA]",1.0000002657671154
"pfd[man,agr-a,USA]",1.0000002258174452
"pfd[srv,agr-a,USA]",1.000000284356197
"pfd[agr,man-a,USA]",1.0000002657671154
"pfd[man,man-a,USA]",1.0000002258174452
"pfd[srv,man-a,USA]",1.000000284356197
"pfd[agr,srv-a,USA]",1.0000002657671154
"pfd[man,srv-a,USA]",1.0000002258174452
"pfd[srv,srv-a,USA]",1.0000002843561968
"pfd[agr,agr-a,E27]",0.9999999547366363
"pfd[man,agr-a,E27]",0.9999999547279036
"pfd[srv,agr-a,E27]",0.9999999552966622
"pfd[agr,man-a,E27]",0.9999999547366362
"pfd[man,man-a,E27]",0.9999999547279036
"pfd[srv,man-a,E27]",0.9999999552966622
"pfd[agr,srv-a,E27]",0.9999999547366363
"pfd[man,srv-a,E27]",0.9999999547279035
"pfd[srv,srv-a,E27]",0.9999999552966623
"pfd[agr,agr-a,ROW]",0.9999999047208571
"pfd[man,agr-a,ROW]",0.9999999162704656
"pfd[srv,agr-a,ROW]",0.9999999054540066
"pfd[agr,man-a,ROW]",0.9999999047208572
"pfd[man,man-a,ROW]",0.9999999162704656
"pfd[srv,man-a,ROW]",0.9999999054540066
"pfd[agr,srv-a,ROW]",0.9999999047208572
"pfd[man,srv-a,ROW]",0.9999999162704656
"pfd[srv,srv-a,ROW]",0.9999999054540065
"pfm[agr,agr-a,USA]",0.9999999128922983
"pfm[man,agr-a,USA]",0.9999999227184944
"pfm[srv,agr-a,USA]",0.9999999203366793
"pfm[agr,man-a,USA]",0.9999999128922983
"pfm[man,man-a,USA]",0.9999999227184942
"pfm[srv,man-a,USA]",0.9999999203366795
"pfm[agr,srv-a,USA]",0.9999999128922983
"pfm[man,srv-a,USA]",0.9999999227184942
"pfm[srv,srv-a,USA]",0.9999999203366793
"pfm[agr,agr-a,E27]",0.9999999475112165
"pfm[man,agr-a,E27]",0.999999952697501
"pfm[srv,agr-a,E27]",0.9999999715422693
"pfm[agr,man-a,E27]",0.9999999475112165
"pfm[man,man-a,E27]",0.9999999526975011
"pfm[srv,man-a,E27]",0.999999971542269
"pfm[agr,srv-a,E27]",0.9999999475112163
"pfm[man,srv-a,E27]",0.999999952697501
"pfm[srv,srv-a,E27]",0.9999999715422692
"pfm[agr,agr-a,ROW]",1.0000000005668486
"pfm[man,agr-a,ROW]",0.9999999611698844
"pfm[srv,agr-a,ROW]",0.9999999867006063
"pfm[agr,man-a,ROW]",1.0000000005668486
"pfm[man,man-a,ROW]",0.9999999611698842
"pfm[srv,man-a,ROW]",0.9999999867006063
"pfm[agr,srv-a,ROW]",1.0000000005668486
"pfm[man,srv-a,ROW]",0.9999999611698843
"pfm[srv,srv-a,ROW]",0.9999999867006064
"ppd[agr,USA]",1.0000002657671154
"ppd[man,USA]",1.0000002258174452
"ppd[srv,USA]",1.000000284356197
"ppd[agr,E27]",0.9999999547366363
"ppd[man,E27]",0.9999999547279036
"ppd[srv,E27]",0.9999999552966623
"ppd[agr,ROW]",0.9999999047208572
"ppd[man,ROW]",0.9999999162704656
"ppd[srv,ROW]",0.9999999054540066
"ppm[agr,USA]",0.9999999128922982
"ppm[man,USA]",0.9999999227184944
"ppm[srv,USA]",0.9999999203366794
"ppm[agr,E27]",0.9999999475112165
"ppm[man,E27]",0.999999952697501
"ppm[srv,E27]",0.9999999715422693
"ppm[agr,ROW]",1.0000000005668486
"ppm[man,ROW]",0.9999999611698843
"ppm[srv,ROW]",0.9999999867006064
"pgd[agr,USA]",1.0000002657671154
"pgd[man,USA]",1.0000002258174452
"pgd[srv,USA]",1.000000284356197
"pgd[agr,E27]",0.9999999547366363
"pgd[man,E27]",0.9999999547279036
"pgd[srv,E27]",0.9999999552966622
"pgd[agr,ROW]",0.9999999047208572
"pgd[man,ROW]",0.9999999162704656
"pgd[srv,ROW]",0.9999999054540066
"pgm[agr,USA]",0.9999999128922983
"pgm[man,USA]",0.9999999227184944
"pgm[srv,USA]",0.9999999203366793
"pgm[agr,E27]",0.9999999475112165
"pgm[man,E27]",0.9999999526975009
"pgm[srv,E27]",0.999999971542269
"pgm[agr,ROW]",1.0000000005668486
"pgm[man,ROW]",0.9999999611698842
"pgm[srv,ROW]",0.9999999867006063
"pid[agr,USA]",1.0000002657671154
"pid[man,USA]",1.0000002258174452
"pid[srv,USA]",1.000000284356197
"pid[agr,E27]",0.9999999547366365
"pid[man,E27]",0.9999999547279036
"pid[srv,E27]",0.9999999552966623
"pid[agr,ROW]",0.9999999047208571
"pid[man,ROW]",0.9999999162704655
"pid[srv,ROW]",0.9999999054540066
"pim[agr,USA]",0.9999999128922983
"pim[man,USA]",0.9999999227184944
"pim[srv,USA]",0.9999999203366793
"pim[agr,E27]",0.9999999475112162
"pim[man,E27]",0.999999952697501
"pim[srv,E27]",0.999999971542269
"pim[agr,ROW]",1.0000000005668488
"pim[man,ROW]",0.9999999611698843
"pim[srv,ROW]",0.9999999867006064
"pfa[agr,agr-a,USA]",1.0000002540501127
"pfa[man,agr-a,USA]",1.000000183890781
"pfa[srv,agr-a,USA]",1.0000002806218429
"pfa[agr,man-a,USA]",1.0000002317740475
"pfa[man,man-a,USA]",1.000000138038677
"pfa[srv,man-a,USA]",1.000000276699463
"pfa[agr,srv-a,USA]",1.0000001861180228
"pfa[man,srv-a,USA]",1.0000001761597124
"pfa[srv,srv-a,USA]",1.0000002670347874
"pfa[agr,agr-a,E27]",0.999999952968241
"pfa[man,agr-a,E27]",0.9999999539847679
"pfa[srv,agr-a,E27]",0.9999999568508394
"pfa[agr,man-a,E27]",0.999999953045451
"pfa[man,man-a,E27]",0.9999999537953366
"pfa[srv,man-a,E27]",0.9999999569653407
"pfa[agr,srv-a,E27]",0.9999999527060935
"pfa[man,srv-a,E27]",0.9999999539880566
"pfa[srv,srv-a,E27]",0.9999999569164755
"pfa[agr,agr-a,ROW]",0.9999999119677357
"pfa[man,agr-a,ROW]",0.99999992536413
"pfa[srv,agr-a,ROW]",0.9999999081923657
"pfa[agr,man-a,ROW]",0.9999999164072362
"pfa[man,man-a,ROW]",0.9999999285159161
"pfa[srv,man-a,ROW]",0.999999908941567
"pfa[agr,srv-a,ROW]",0.9999999145599394
"pfa[man,srv-a,ROW]",0.9999999266254774
"pfa[srv,srv-a,ROW]",0.999999910667482
"ppa[agr,USA]",1.0000001828521243
"ppa[man,USA]",1.0000001429012242
"ppa[srv,USA]",1.0000002807748165
"ppa[agr,E27]",0.9999999518817291
"ppa[man,E27]",0.9999999539905676
"ppa[srv,E27]",0.999999956563283
"ppa[agr,ROW]",0.999999913090827
"ppa[man,ROW]",0.9999999273391995
"ppa[srv,ROW]",0.9999999083627256
"pga[agr,USA]",1.0000002622769848
"pga[man,USA]",1.0000001333804729
"pga[srv,USA]",1.000000284258992
"pga[agr,E27]",0.9999999508913384
"pga[man,E27]",0.9999999536313149
"pga[srv,E27]",0.9999999555273713
"pga[agr,ROW]",0.9999999124333616
"pga[man,ROW]",0.9999999352631794
"pga[srv,ROW]",0.9999999066450745
"pia[agr,USA]",1.0000002394551797
"pia[man,USA]",1.0000001367771247
"pia[srv,USA]",1.0000002824881111
"pia[agr,E27]",0.9999999532554406
"pia[man,E27]",0.9999999536885947
"pia[srv,E27]",0.9999999559969407
"pia[agr,ROW]",0.9999999087022675
"pia[man,ROW]",0.9999999336443787
"pia[srv,ROW]",0.9999999067197406
"qfd[agr,agr-a,USA]",0.9999993578989226
"qfd[man,agr-a,USA]",0.9999992370515004
"qfd[srv,agr-a,USA]",0.9999993756879767
"qfd[agr,man-a,USA]",0.9999994368867269
"qfd[man,man-a,USA]",0.9999992040619484
"qfd[srv,man-a,USA]",0.9999994946267651
"qfd[agr,srv-a,USA]",0.9999999495286113
"qfd[man,srv-a,USA]",0.9999999467023153
"qfd[srv,srv-a,USA]",1.0000000860137446
"qfd[agr,agr-a,E27]",1.0000000575700099
"qfd[man,agr-a,E27]",1.0000000593455167
"qfd[srv,agr-a,E27]",1.0000000648964582
"qfd[agr,man-a,E27]",1.0000000643424936
"qfd[man,man-a,E27]",1.0000000652828258
"qfd[srv,man-a,E27]",1.0000000717026276
"qfd[agr,srv-a,E27]",0.9999999712459934
"qfd[man,srv-a,E27]",0.999999973672109
"qfd[srv,srv-a,E27]",0.999999979339079
"qfd[agr,agr-a,ROW]",1.0000001440572766
"qfd[man,agr-a,ROW]",1.0000001578722828
"qfd[srv,agr-a,ROW]",1.0000001319326817
"qfd[agr,man-a,ROW]",1.0000001728861607
"qfd[man,man-a,ROW]",1.000000186849381
"qfd[srv,man-a,ROW]",1.0000001515311638
"qfd[agr,srv-a,ROW]",0.9999999478676646
"qfd[man,srv-a,ROW]",0.9999999597791558
"qfd[srv,srv-a,ROW]",0.9999999343104696
"qfm[agr,agr-a,USA]",1.000000110656615
"qfm[man,agr-a,USA]",1.0000002913841
"qfm[srv,agr-a,USA]",1.000000078101672
"qfm[agr,man-a,USA]",1.0000001896444193
"qfm[man,man-a,USA]",1.000000258394548
"qfm[srv,man-a,USA]",1.0000001970404604
"qfm[agr,srv-a,USA]",1.0000007022863036
"qfm[man,srv-a,USA]",1.0000010010349147
"qfm[srv,srv-a,USA]",1.0000007884274398
"qfm[agr,agr-a,E27]",1.0000000751928362
"qfm[man,agr-a,E27]",1.0000000662788164
"qfm[srv,agr-a,E27]",1.0000000333985695
"qfm[agr,man-a,E27]",1.0000000819653199
"qfm[man,man-a,E27]",1.0000000722161255
"qfm[srv,man-a,E27]",1.0000000402047389
"qfm[agr,srv-a,E27]",0.9999999888688197
"qfm[man,srv-a,E27]",0.9999999806054087
"qfm[srv,srv-a,E27]",0.9999999478411903
"qfm[agr,agr-a,ROW]",0.9999999133685262
"qfm[man,agr-a,ROW]",1.0000000035412815
"qfm[srv,agr-a,ROW]",0.9999999741577283
"qfm[agr,man-a,ROW]",0.9999999421974103
"qfm[man,man-a,ROW]",1.0000000325183798
"qfm[srv,man-a,ROW]",0.9999999937562105
"qfm[agr,srv-a,ROW]",0.9999997171789142
"qfm[man,srv-a,ROW]",0.9999998054481544
"qfm[srv,srv-a,ROW]",0.9999997765355164
"qpd[agr,USA]",0.9999998581304301
"qpd[man,USA]",0.9999998596017499
"qpd[srv,USA]",1.0000000306517844
"qpd[agr,E27]",1.000000092644394
"qpd[man,E27]",1.0000002741114185
"qpd[srv,E27]",1.000000302267505
"qpd[agr,ROW]",1.0000001068205797
"qpd[man,ROW]",1.0000001663552573
"qpd[srv,ROW]",1.0000001767021445
"qpm[agr,USA]",1.0000006108881225
"qpm[man,USA]",1.0000009139343493
"qpm[srv,USA]",1.0000007330654799
"qpm[agr,E27]",1.0000001102672202
"qpm[man,E27]",1.0000002810447182
"qpm[srv,E27]",1.0000002707696163
"qpm[agr,ROW]",0.9999998761318294
"qpm[man,ROW]",1.000000012024256
"qpm[srv,ROW]",1.0000000189271911
"qgd[agr,USA]",1.000000115893527
"qgd[man,USA]",0.999999931981309
"qgd[srv,USA]",1.00000010094933
"qgd[agr,E27]",0.9999994587260397
"qgd[man,E27]",0.9999994615927927
"qgd[srv,E27]",0.999999463869654
"qgd[agr,ROW]",0.9999997042276676
"qgd[man,ROW]",0.9999997278894699
"qgd[srv,ROW]",0.9999996938238161
"qgm[agr,USA]",1.0000008686512194
"qgm[man,USA]",1.0000009863139085
"qgm[srv,USA]",1.0000008033630254
"qgm[agr,E27]",0.9999994763488659
"qgm[man,E27]",0.9999994685260926
"qgm[srv,E27]",0.9999994323717653
"qgm[agr,ROW]",0.9999994735389173
"qgm[man,ROW]",0.9999995735584685
"qgm[srv,ROW]",0.9999995360488629
"qid[agr,USA]",1.000001587685627
"qid[man,USA]",1.000001334087025
"qid[srv,USA]",1.0000016402099643
"qid[agr,E27]",0.9999998688842162
"qid[man,E27]",0.9999998689478872
"qid[srv,E27]",0.9999998738545969
"qid[agr,ROW]",0.9999993656867074
"qid[man,ROW]",0.9999994158226404
"qid[srv,ROW]",0.999999358561937
"qim[agr,USA]",1.0000023404433194
"qim[man,USA]",1.0000023884196245
"qim[srv,USA]",1.0000023426236597
"qim[agr,E27]",0.9999998865070424
"qim[man,E27]",0.999999875881187
"qim[srv,E27]",0.9999998423567081
"qim[agr,ROW]",0.9999991349979571
"qim[man,ROW]",0.999999261491639
"qim[srv,ROW]",0.9999992007869838
"qms[agr,USA]",1.0000004309283095
"qms[man,USA]",1.000000853219472
"qms[srv,USA]",1.0000007603270002
"qms[agr,E27]",1.0000000799461626
"qms[man,E27]",1.000000074833055
"qms[srv,E27]",1.0000000331472183
"qms[agr,ROW]",0.9999998975017144
"qms[man,ROW]",0.999999876937981
"qms[srv,ROW]",0.9999998271218966
"qxs[agr,USA,USA]",0.0
"qxs[man,USA,USA]",0.0
"qxs[srv,USA,USA]",0.0
"qxs[agr,E27,USA]",1.0000002460234223
"qxs[man,E27,USA]",1.0000006084769797
"qxs[srv,E27,USA]",1.0000006266567412
"qxs[agr,ROW,USA]",1.0000004381039753
"qxs[man,ROW,USA]",1.000000893536238
"qxs[srv,ROW,USA]",1.0000008172312245
"qxs[agr,USA,E27]",0.9999986142038175
"qxs[man,USA,E27]",0.9999980448303688
"qxs[srv,USA,E27]",0.9999988204068606
"qxs[agr,E27,E27]",1.0000000482967306
"qxs[man,E27,E27]",1.0000000611863864
"qxs[srv,E27,E27]",1.000000096129398
"qxs[agr,ROW,E27]",1.0000002636628658
"qxs[man,ROW,E27]",1.0000003429302307
"qxs[srv,ROW,E27]",1.0000002893631215
"qxs[agr,USA,ROW]",0.9999987786180189
"qxs[man,USA,ROW]",0.9999979878539336
"qxs[srv,USA,ROW]",0.9999986828398628
"qxs[agr,E27,ROW]",1.000000129117349
"qxs[man,E27,ROW]",0.9999999283756397
"qxs[srv,E27,ROW]",0.9999999478485687
"qxs[agr,ROW,ROW]",1.0000003501064831
"qxs[man,ROW,ROW]",1.0000002029468862
"qxs[srv,ROW,ROW]",1.0000001394594678
"pms[agr,USA]",0.9999999128922983
"pms[man,USA]",0.9999999227184944
"pms[srv,USA]",0.9999999203366793
"pms[agr,E27]",0.9999999475112165
"pms[man,E27]",0.999999952697501
"pms[srv,E27]",0.9999999715422692
"pms[agr,ROW]",1.0000000005668486
"pms[man,ROW]",0.9999999611698843
"pms[srv,ROW]",0.9999999867006063
"pfob[agr,USA,USA]",1.0
"pfob[man,USA,USA]",1.0
"pfob[srv,USA,USA]",1.0
"pfob[agr,E27,USA]",0.9999999547366362
"pfob[man,E27,USA]",0.9999999547279036
"pfob[srv,E27,USA]",0.9999999552966623
"pfob[agr,ROW,USA]",0.9999999047208571
"pfob[man,ROW,USA]",0.9999999162704656
"pfob[srv,ROW,USA]",0.9999999054540066
"pfob[agr,USA,E27]",1.0000002657671154
"pfob[man,USA,E27]",1.0000002258174452
"pfob[srv,USA,E27]",1.000000284356197
"pfob[agr,E27,E27]",0.9999999547366363
"pfob[man,E27,E27]",0.9999999547279035
"pfob[srv,E27,E27]",0.9999999552966623
"pfob[agr,ROW,E27]",0.9999999047208572
"pfob[man,ROW,E27]",0.9999999162704658
"pfob[srv,ROW,E27]",0.9999999054540066
"pfob[agr,USA,ROW]",1.0000002657671154
"pfob[man,USA,ROW]",1.0000002258174452
"pfob[srv,USA,ROW]",1.000000284356197
"pfob[agr,E27,ROW]",0.9999999547366363
"pfob[man,E27,ROW]",0.9999999547279036
"pfob[srv,E27,ROW]",0.9999999552966623
"pfob[agr,ROW,ROW]",0.9999999047208571
"pfob[man,ROW,ROW]",0.9999999162704656
"pfob[srv,ROW,ROW]",0.9999999054540066
"pcif[agr,USA,USA]",1.0
"pcif[man,USA,USA]",1.0
"pcif[srv,USA,USA]",1.0
"pcif[agr,E27,USA]",0.999999953442219
"pcif[man,E27,USA]",0.9999999543860008
"pcif[srv,E27,USA]",0.9999999552966623
"pcif[agr,ROW,USA]",0.9999999113186637
"pcif[man,ROW,USA]",0.9999999175018627
"pcif[srv,ROW,USA]",0.9999999054540066
"pcif[agr,USA,E27]",1.0000002574076994
"pcif[man,USA,E27]",1.0000002198218605
"pcif[srv,USA,E27]",1.000000284356197
"pcif[agr,E27,E27]",0.9999999542027387
"pcif[man,E27,E27]",0.9999999544932414
"pcif[srv,E27,E27]",0.9999999552966623
"pcif[agr,ROW,E27]",0.9999999086686734
"pcif[man,ROW,E27]",0.9999999174190815
"pcif[srv,ROW,E27]",0.9999999054540066
"pcif[agr,USA,ROW]",1.0000002259362384
"pcif[man,USA,ROW]",1.0000002122452847
"pcif[srv,USA,ROW]",1.000000284356197
"pcif[agr,E27,ROW]",0.9999999539140334
"pcif[man,E27,ROW]",0.9999999543333802
"pcif[srv,E27,ROW]",0.9999999552966623
"pcif[agr,ROW,ROW]",0.9999999094016444
"pcif[man,ROW,ROW]",0.9999999178405172
"pcif[srv,ROW,ROW]",0.9999999054540066
"pmds[agr,USA,USA]",1.0
"pmds[man,USA,USA]",1.0
"pmds[srv,USA,USA]",1.0
"pmds[agr,E27,USA]",0.9999999534422193
"pmds[man,E27,USA]",0.9999999543860008
"pmds[srv,E27,USA]",0.9999999552966623
"pmds[agr,ROW,USA]",0.999999911318664
"pmds[man,ROW,USA]",0.9999999175018626
"pmds[srv,ROW,USA]",0.9999999054540066
"pmds[agr,USA,E27]",1.0000002574076992
"pmds[man,USA,E27]",1.0000002198218605
"pmds[srv,USA,E27]",1.000000284356197
"pmds[agr,E27,E27]",0.9999999542027387
"pmds[man,E27,E27]",0.9999999544932413
"pmds[srv,E27,E27]",0.9999999552966623
"pmds[agr,ROW,E27]",0.9999999086686734
"pmds[man,ROW,E27]",0.9999999174190815
"pmds[srv,ROW,E27]",0.9999999054540066
"pmds[agr,USA,ROW]",1.0000002259362384
"pmds[man,USA,ROW]",1.0000002122452847
"pmds[srv,USA,ROW]",1.000000284356197
"pmds[agr,E27,ROW]",0.9999999539140334
"pmds[man,E27,ROW]",0.9999999543333802
"pmds[srv,E27,ROW]",0.9999999552966623
"pmds[agr,ROW,ROW]",0.9999999094016444
"pmds[man,ROW,ROW]",0.9999999178405171
"pmds[srv,ROW,ROW]",0.9999999054540066
"qds[agr,USA]",0.9999995474974207
"qds[man,USA]",0.9999998125174544
"qds[srv,USA]",1.000000150724696
"qds[agr,E27]",1.0000000581527513
"qds[man,E27]",1.000000082271024
"qds[srv,E27]",0.999999966571065
"qds[agr,ROW]",1.000000108318546
"qds[man,ROW]",1.0000000663690989
"qds[srv,ROW]",0.9999999074730364
"qc[agr,USA]",0.999999382893803
"qc[man,USA]",0.9999995094012337
"qc[srv,USA]",1.0000001194372143
"qc[agr,E27]",1.0000000618831328
"qc[man,E27]",1.0000000684673007
"qc[srv,E27]",0.9999999761984949
"qc[agr,ROW]",1.0000001266149887
"qc[man,ROW]",1.000000144758577
"qc[srv,ROW]",0.999999924186282
"pes[LAB,agr-a,USA]",1.0000003197075011
"pes[CAP,agr-a,USA]",1.0000002928839378
"pes[LAB,man-a,USA]",1.0000003197075011
"pes[CAP,man-a,USA]",1.0000002928839378
"pes[LAB,srv-a,USA]",1.000000319707501
"pes[CAP,srv-a,USA]",1.0000002928839378
"pes[LAB,agr-a,E27]",0.9999999562993267
"pes[CAP,agr-a,E27]",0.9999999528159234
"pes[LAB,man-a,E27]",0.9999999562993267
"pes[CAP,man-a,E27]",0.9999999528159234
"pes[LAB,srv-a,E27]",0.9999999562993267
"pes[CAP,srv-a,E27]",0.9999999528159234
"pes[LAB,agr-a,ROW]",0.9999998871293035
"pes[CAP,agr-a,ROW]",0.9999999079004576
"pes[LAB,man-a,ROW]",0.9999998871293035
"pes[CAP,man-a,ROW]",0.9999999079004576
"pes[LAB,srv-a,ROW]",0.9999998871293035
"pes[CAP,srv-a,ROW]",0.9999999079004576
"pe[LAB,USA]",1.0000003197075011
"pe[CAP,USA]",1.0000002928839378
"pe[LAB,E27]",0.9999999562993267
"pe[CAP,E27]",0.9999999528159234
"pe[LAB,ROW]",0.9999998871293035
"pe[CAP,ROW]",0.9999999079004576
"pfe[LAB,agr-a,USA]",1.0000003197075011
"pfe[CAP,agr-a,USA]",1.0000002928839378
"pfe[LAB,man-a,USA]",1.0000003197075011
"pfe[CAP,man-a,USA]",1.0000002928839378
"pfe[LAB,srv-a,USA]",1.0000003197075011
"pfe[CAP,srv-a,USA]",1.0000002928839378
"pfe[LAB,agr-a,E27]",0.9999999562993267
"pfe[CAP,agr-a,E27]",0.9999999528159234
"pfe[LAB,man-a,E27]",0.9999999562993269
"pfe[CAP,man-a,E27]",0.9999999528159234
"pfe[LAB,srv-a,E27]",0.9999999562993267
"pfe[CAP,srv-a,E27]",0.9999999528159235
"pfe[LAB,agr-a,ROW]",0.9999998871293035
"pfe[CAP,agr-a,ROW]",0.9999999079004576
"pfe[LAB,man-a,ROW]",0.9999998871293035
"pfe[CAP,man-a,ROW]",0.9999999079004577
"pfe[LAB,srv-a,ROW]",0.9999998871293034
"pfe[CAP,srv-a,ROW]",0.9999999079004575
"peb[LAB,agr-a,USA]",1.0000003197075011
"peb[CAP,agr-a,USA]",1.0000002928839378
"peb[LAB,man-a,USA]",1.0000003197075011
"peb[CAP,man-a,USA]",1.0000002928839378
"peb[LAB,srv-a,USA]",1.0000003197075011
"peb[CAP,srv-a,USA]",1.0000002928839378
"peb[LAB,agr-a,E27]",0.9999999562993267
"peb[CAP,agr-a,E27]",0.9999999528159234
"peb[LAB,man-a,E27]",0.9999999562993269
"peb[CAP,man-a,E27]",0.9999999528159234
"peb[LAB,srv-a,E27]",0.9999999562993267
"peb[CAP,srv-a,E27]",0.9999999528159234
"peb[LAB,agr-a,ROW]",0.9999998871293035
"peb[CAP,agr-a,ROW]",0.9999999079004576
"peb[LAB,man-a,ROW]",0.9999998871293035
"peb[CAP,man-a,ROW]",0.9999999079004576
"peb[LAB,srv-a,ROW]",0.9999998871293035
"peb[CAP,srv-a,ROW]",0.9999999079004576
"qe[LAB,USA]",1.0
"qe[CAP,USA]",1.0
"qe[LAB,E27]",1.0
"qe[CAP,E27]",1.0
"qe[LAB,ROW]",1.0
"qe[CAP,ROW]",1.0
"qtmfsd[agr,agr,USA,USA]",0.0
"qtmfsd[man,agr,USA,USA]",0.0
"qtmfsd[srv,agr,USA,USA]",0.0
"qtmfsd[agr,man,USA,USA]",0.0
"qtmfsd[man,man,USA,USA]",0.0
"qtmfsd[srv,man,USA,USA]",0.0
"qtmfsd[agr,srv,USA,USA]",0.0
"qtmfsd[man,srv,USA,USA]",0.0
"qtmfsd[srv,srv,USA,USA]",0.0
"qtmfsd[agr,agr,E27,USA]",0.0
"qtmfsd[man,agr,E27,USA]",0.0
"qtmfsd[srv,agr,E27,USA]",1.000000177296289
"qtmfsd[agr,man,E27,USA]",0.0
"qtmfsd[man,man,E27,USA]",0.0
"qtmfsd[srv,man,E27,USA]",1.0000004322752405
"qtmfsd[agr,srv,E27,USA]",0.0
"qtmfsd[man,srv,E27,USA]",0.0
"qtmfsd[srv,srv,E27,USA]",0.0
"qtmfsd[agr,agr,ROW,USA]",0.0
"qtmfsd[man,agr,ROW,USA]",0.0
"qtmfsd[srv,agr,ROW,USA]",1.0000004792229105
"qtmfsd[agr,man,ROW,USA]",0.0
"qtmfsd[man,man,ROW,USA]",0.0
"qtmfsd[srv,man,ROW,USA]",1.0000009683472844
"qtmfsd[agr,srv,ROW,USA]",0.0
"qtmfsd[man,srv,ROW,USA]",0.0
"qtmfsd[srv,srv,ROW,USA]",0.0
"qtmfsd[agr,agr,USA,E27]",0.0
"qtmfsd[man,agr,USA,E27]",0.0
"qtmfsd[srv,agr,USA,E27]",0.9999985394112435
"qtmfsd[agr,man,USA,E27]",0.0
"qtmfsd[man,man,USA,E27]",0.0
"qtmfsd[srv,man,USA,E27]",0.9999980252640844
"qtmfsd[agr,srv,USA,E27]",0.0
"qtmfsd[man,srv,USA,E27]",0.0
"qtmfsd[srv,srv,USA,E27]",0.0
"qtmfsd[agr,agr,E27,E27]",0.0
"qtmfsd[man,agr,E27,E27]",0.0
"qtmfsd[srv,agr,E27,E27]",1.0000000644972487
"qtmfsd[agr,man,E27,E27]",0.0
"qtmfsd[man,man,E27,E27]",0.0
"qtmfsd[srv,man,E27,E27]",1.0000000577277226
"qtmfsd[agr,srv,E27,E27]",0.0
"qtmfsd[man,srv,E27,E27]",0.0
"qtmfsd[srv,srv,E27,E27]",0.0
"qtmfsd[agr,agr,ROW,E27]",0.0
"qtmfsd[man,agr,ROW,E27]",0.0
"qtmfsd[srv,agr,ROW,E27]",1.000000249154221
"qtmfsd[agr,man,ROW,E27]",0.0
"qtmfsd[man,man,ROW,E27]",0.0
"qtmfsd[srv,man,ROW,E27]",1.0000003614721729
"qtmfsd[agr,srv,ROW,E27]",0.0
"qtmfsd[man,srv,ROW,E27]",0.0
"qtmfsd[srv,srv,ROW,E27]",0.0
"qtmfsd[agr,agr,USA,ROW]",0.0
"qtmfsd[man,agr,USA,ROW]",0.0
"qtmfsd[srv,agr,USA,ROW]",0.9999987770245522
"qtmfsd[agr,man,USA,ROW]",0.0
"qtmfsd[man,man,USA,ROW]",0.0
"qtmfsd[srv,man,USA,ROW]",0.99999794657093
"qtmfsd[agr,srv,USA,ROW]",0.0
"qtmfsd[man,srv,USA,ROW]",0.0
"qtmfsd[srv,srv,USA,ROW]",0.0
"qtmfsd[agr,agr,E27,ROW]",0.0
"qtmfsd[man,agr,E27,ROW]",0.0
"qtmfsd[srv,agr,E27,ROW]",1.0000000729807865
"qtmfsd[agr,man,E27,ROW]",0.0
"qtmfsd[man,man,E27,ROW]",0.0
"qtmfsd[srv,man,E27,ROW]",0.99999996257712
"qtmfsd[agr,srv,E27,ROW]",0.0
"qtmfsd[man,srv,E27,ROW]",0.0
"qtmfsd[srv,srv,E27,ROW]",0.0
"qtmfsd[agr,agr,ROW,ROW]",0.0
"qtmfsd[man,agr,ROW,ROW]",0.0
"qtmfsd[srv,agr,ROW,ROW]",1.0000003479409432
"qtmfsd[agr,man,ROW,ROW]",0.0
"qtmfsd[man,man,ROW,ROW]",0.0
"qtmfsd[srv,man,ROW,ROW]",1.0000001924067239
"qtmfsd[agr,srv,ROW,ROW]",0.0
"qtmfsd[man,srv,ROW,ROW]",0.0
"qtmfsd[srv,srv,ROW,ROW]",0.0
"ptrans[agr,USA,USA]",1.0
"ptrans[man,USA,USA]",1.0
"ptrans[srv,USA,USA]",1.0
"ptrans[agr,E27,USA]",0.9999999439362559
"ptrans[man,E27,USA]",0.9999999439362559
"ptrans[srv,E27,USA]",1.0
"ptrans[agr,ROW,USA]",0.9999999439362559
"ptrans[man,ROW,USA]",0.9999999439362559
"ptrans[srv,ROW,USA]",1.0
"ptrans[agr,USA,E27]",0.9999999439362559
"ptrans[man,USA,E27]",0.9999999439362559
"ptrans[srv,USA,E27]",1.0
"ptrans[agr,E27,E27]",0.9999999439362559
"ptrans[man,E27,E27]",0.9999999439362559
"ptrans[srv,E27,E27]",1.0
"ptrans[agr,ROW,E27]",0.9999999439362559
"ptrans[man,ROW,E27]",0.9999999439362559
"ptrans[srv,ROW,E27]",1.0
"ptrans[agr,USA,ROW]",0.9999999439362559
"ptrans[man,USA,ROW]",0.9999999439362559
"ptrans[srv,USA,ROW]",1.0
"ptrans[agr,E27,ROW]",0.9999999439362559
"ptrans[man,E27,ROW]",0.9999999439362559
"ptrans[srv,E27,ROW]",1.0
"ptrans[agr,ROW,ROW]",0.9999999439362559
"ptrans[man,ROW,ROW]",0.9999999439362559
"ptrans[srv,ROW,ROW]",1.0
qtm[agr],0.0
qtm[man],0.0
qtm[srv],1.0000000824918134
"qst[agr,USA]",0.0
"qst[man,USA]",0.0
"qst[srv,USA]",0.9999997420718724
"qst[agr,E27]",0.0
"qst[man,E27]",0.0
"qst[srv,E27]",1.000000071131407
"qst[agr,ROW]",0.0
"qst[man,ROW]",0.0
"qst[srv,ROW]",1.0000001209740628
pt[agr],1.0
pt[man],1.0
pt[srv],0.9999999439362559
gdpfc[USA],1.0000003264778878
gdpfc[E27],0.9999999806412799
gdpfc[ROW],0.9999998941506878
kb[USA],1.0
kb[E27],1.0
kb[ROW],1.0
ke[USA],1.0000000963956204
ke[E27],0.9999999929448912
ke[ROW],0.9999999498381686
rental[USA],1.0000002928839378
rental[E27],0.9999999528159234
rental[ROW],0.9999999079004576
rorc[USA],1.000000143655467
rorc[E27],0.9999999958306778
rorc[ROW],0.9999999879101908
rore[USA],0.9999991796992636
rore[E27],1.0000000663817659
rore[ROW],1.000000489528504
savf[USA],0.7960136013143453
savf[E27],0.011827281103840015
savf[ROW],-0.8078408824181853
rorg,0.9999999611782554
yi[USA],1.0000018676312372
yi[E27],0.9999998277877299
yi[ROW],0.9999992721754424
chisave,1.0000000166828977
psave[USA],1.0000002404995036
psave[E27],0.9999999719737697
psave[ROW],0.9999999327543659
pfact[USA],1.000000311415048
pfact[E27],0.9999999544796319
pfact[ROW],0.9999998977038692
pfactw,1.0
Walras,1.4257740134482425e-7
"ptax[agr,agr-a,USA]",0.003169974275779784
"ptax[man,agr-a,USA]",1.0
"ptax[srv,agr-a,USA]",1.0
"ptax[agr,man-a,USA]",1.0
"ptax[man,man-a,USA]",0.01138791125535135
"ptax[srv,man-a,USA]",1.0
"ptax[agr,srv-a,USA]",1.0
"ptax[man,srv-a,USA]",1.0
"ptax[srv,srv-a,USA]",0.028590871293356298
"ptax[agr,agr-a,E27]",0.0033460777023974746
"ptax[man,agr-a,E27]",1.0
"ptax[srv,agr-a,E27]",1.0
"ptax[agr,man-a,E27]",1.0
"ptax[man,man-a,E27]",0.053884565155307096
"ptax[srv,man-a,E27]",1.0
"ptax[agr,srv-a,E27]",1.0
"ptax[man,srv-a,E27]",1.0
"ptax[srv,srv-a,E27]",0.013841832469095417
"ptax[agr,agr-a,ROW]",-0.0036654052165653603
"ptax[man,agr-a,ROW]",1.0
"ptax[srv,agr-a,ROW]",1.0
"ptax[agr,man-a,ROW]",1.0
"ptax[man,man-a,ROW]",0.01137565546324822
"ptax[srv,man-a,ROW]",1.0
"ptax[agr,srv-a,ROW]",1.0
"ptax[man,srv-a,ROW]",1.0
"ptax[srv,srv-a,ROW]",0.00895304192121082
"tfe[LAB,agr-a,USA]",0.03581532010146106
"tfe[CAP,agr-a,USA]",-0.08334281876254711
"tfe[LAB,man-a,USA]",0.15123393757317288
"tfe[CAP,man-a,USA]",0.03252119995736422
"tfe[LAB,srv-a,USA]",0.15123392176393435
"tfe[CAP,srv-a,USA]",0.03252121171857609
"tfe[LAB,agr-a,E27]",0.39688334504652456
"tfe[CAP,agr-a,E27]",0.012622390141351844
"tfe[LAB,man-a,E27]",0.4314437009367904
"tfe[CAP,man-a,E27]",0.015685007174376098
"tfe[LAB,srv-a,E27]",0.4331530093358446
"tfe[CAP,srv-a,E27]",0.016161058923882244
"tfe[LAB,agr-a,ROW]",0.04582606165472952
"tfe[CAP,agr-a,ROW]",-0.035744620339596564
"tfe[LAB,man-a,ROW]",0.09707941037283976
"tfe[CAP,man-a,ROW]",0.011852740693936393
"tfe[LAB,srv-a,ROW]",0.11695786973641108
"tfe[CAP,srv-a,ROW]",0.016932257070147276
"tinc[LAB,agr-a,USA]",0.21360046280468
"tinc[CAP,agr-a,USA]",0.08141058380283593
"tinc[LAB,man-a,USA]",0.21360045303429817
"tinc[CAP,man-a,USA]",0.08141054708864405
"tinc[LAB,srv-a,USA]",0.21360047389416628
"tinc[CAP,srv-a,USA]",0.08141054769121456
"tinc[LAB,agr-a,E27]",0.24857337431155388
"tinc[CAP,agr-a,E27]",0.06672033991637423
"tinc[LAB,man-a,E27]",0.27204946156489834
"tinc[CAP,man-a,E27]",0.06368604796712683
"tinc[LAB,srv-a,E27]",0.2688159204070229
"tinc[CAP,srv-a,E27]",0.062174391365411155
"tinc[LAB,agr-a,ROW]",0.07171063498123748
"tinc[CAP,agr-a,ROW]",0.054826278143946985
"tinc[LAB,man-a,ROW]",0.09450539333926816
"tinc[CAP,man-a,ROW]",0.058019775413516286
"tinc[LAB,srv-a,ROW]",0.11578211576900656
"tinc[CAP,srv-a,ROW]",0.0698545909672542
"tfd[agr,agr-a,USA]",-0.03637410579702612
"tfd[man,agr-a,USA]",-0.007475004441126491
"tfd[srv,agr-a,USA]",-0.035769938990109405
"tfd[agr,man-a,USA]",1.153560318371776e-8
"tfd[man,man-a,USA]",0.004875074779542403
"tfd[srv,man-a,USA]",0.00220804356051189
"tfd[agr,srv-a,USA]",1.8775544143292966e-8
"tfd[man,srv-a,USA]",0.025355490113795898
"tfd[srv,srv-a,USA]",0.00127194359921563
"tfd[agr,agr-a,E27]",-0.00027908834858176673
"tfd[man,agr-a,E27]",0.0762637189287919
"tfd[srv,agr-a,E27]",0.013830952934523686
"tfd[agr,man-a,E27]",1.4010468898985567e-8
"tfd[man,man-a,E27]",0.01333695937616274
"tfd[srv,man-a,E27]",0.01869018138170542
"tfd[agr,srv-a,E27]",2.571146156072779e-9
"tfd[man,srv-a,E27]",0.07657321591062954
"tfd[srv,srv-a,E27]",0.004834017758835317
"tfd[agr,agr-a,ROW]",-0.011221806336140719
"tfd[man,agr-a,ROW]",0.011982460569955904
"tfd[srv,agr-a,ROW]",-0.009571564996497367
"tfd[agr,man-a,ROW]",-8.598335699178623e-9
"tfd[man,man-a,ROW]",0.0053420576733169845
"tfd[srv,man-a,ROW]",0.004922319745357636
"tfd[agr,srv-a,ROW]",-3.569982858078492e-9
"tfd[man,srv-a,ROW]",0.029166738288151813
"tfd[srv,srv-a,ROW]",0.001631814620968064
"tfm[agr,agr-a,USA]",-0.039801349702383824
"tfm[man,agr-a,USA]",-0.027430953028810937
"tfm[srv,agr-a,USA]",-0.03980008173186316
"tfm[agr,man-a,USA]",-4.690296279045618e-9
"tfm[man,man-a,USA]",0.0036998699374587614
"tfm[srv,man-a,USA]",-3.153971357895095e-10
"tfm[agr,srv-a,USA]",5.5408761122033595e-8
"tfm[man,srv-a,USA]",0.016805065193246035
"tfm[srv,srv-a,USA]",-7.835473817378568e-9
"tfm[agr,agr-a,E27]",-0.0002801013362726433
"tfm[man,agr-a,E27]",0.04961356227882133
"tfm[srv,agr-a,E27]",0.015474831734289912
"tfm[agr,man-a,E27]",-4.1307903505856224e-9
"tfm[man,man-a,E27]",0.007406136759532485
"tfm[srv,man-a,E27]",0.010589854164061201
"tfm[agr,srv-a,E27]",1.1236152163756364e-8
"tfm[man,srv-a,E27]",0.056355320342328104
"tfm[srv,srv-a,E27]",0.0026466537128802584
"tfm[agr,agr-a,ROW]",-0.01344644061937145
"tfm[man,agr-a,ROW]",0.013163258136382158
"tfm[srv,agr-a,ROW]",-0.003085741317299497
"tfm[agr,man-a,ROW]",7.582129286447304e-9
"tfm[man,man-a,ROW]",0.004772197895728623
"tfm[srv,man-a,ROW]",0.003567295647010267
"tfm[agr,srv-a,ROW]",1.1781893817812024e-8
"tfm[man,srv-a,ROW]",0.025560403317118095
"tfm[srv,srv-a,ROW]",0.0016699320417982123
"tpd[agr,USA]",0.0417550713500656
"tpd[man,USA]",0.09620449086508255
"tpd[srv,USA]",0.0064272688590092325
"tpd[agr,E27]",0.03113867127019777
"tpd[man,E27]",0.22694231318225566
"tpd[srv,E27]",0.08791027714443558
"tpd[agr,ROW]",0.009660016378556747
"tpd[man,ROW]",0.13074982971907723
"tpd[srv,ROW]",0.042567366347489984
"tpm[agr,USA]",0.06327672708530535
"tpm[man,USA]",0.08389764144970294
"tpm[srv,USA]",0.0010457761685165655
"tpm[agr,E27]",-0.004436387229751062
"tpm[man,E27]",0.23423287746290528
"tpm[srv,E27]",0.09357701850608678
"tpm[agr,ROW]",0.039934710608893115
"tpm[man,ROW]",0.14040175963653123
"tpm[srv,ROW]",0.044679984634831235
"tgd[agr,USA]",0.0001787811607223553
"tgd[man,USA]",0.0
"tgd[srv,USA]",0.0
"tgd[agr,E27]",0.0006457878821355608
"tgd[man,E27]",0.0004290427747246404
"tgd[srv,E27]",2.4347695226048033e-6
"tgd[agr,ROW]",-0.013143626175419518
"tgd[man,ROW]",0.016839952877086832
"tgd[srv,ROW]",0.0038451043212886227
"tgm[agr,USA]",0.0
"tgm[man,USA]",0.0
"tgm[srv,USA]",0.0
"tgm[agr,E27]",-0.05271264981100457
"tgm[man,E27]",0.020589892470657734
"tgm[srv,E27]",0.004618224071486203
"tgm[agr,ROW]",0.007890305644031648
"tgm[man,ROW]",0.013308703293773745
"tgm[srv,ROW]",0.02903843203261739
"tid[agr,USA]",0.0
"tid[man,USA]",0.01605922490006923
"tid[srv,USA]",0.0005017159123962152
"tid[agr,E27]",0.0005264596126504942
"tid[man,E27]",0.00020974032824057164
"tid[srv,E27]",1.3016111959090713e-6
"tid[agr,ROW]",0.015256515845586962
"tid[man,ROW]",0.05294454278678218
"tid[srv,ROW]",0.03539503598498624
"tim[agr,USA]",0.0
"tim[man,USA]",0.017157699155408806
"tim[srv,USA]",0.0
"tim[agr,E27]",-0.033442043278797344
"tim[man,E27]",0.021774423683630126
"tim[srv,E27]",0.02757797963441018
"tim[agr,ROW]",0.04830222033076955
"tim[man,ROW]",0.08287094012022295
"tim[srv,ROW]",0.03694625258618199
"txs[agr,USA,USA]",0.0
"txs[man,USA,USA]",0.0
"txs[srv,USA,USA]",0.0
"txs[agr,E27,USA]",-0.0014390533745420827
"txs[man,E27,USA]",-5.143316213302583e-5
"txs[srv,E27,USA]",0.0
"txs[agr,ROW,USA]",-0.00010555378225642542
"txs[man,ROW,USA]",0.02041403063251137
"txs[srv,ROW,USA]",0.0
"txs[agr,USA,E27]",4.869538019406563e-8
"txs[man,USA,E27]",0.004509039053392021
"txs[srv,USA,E27]",0.0
"txs[agr,E27,E27]",-8.0636983313225e-5
"txs[man,E27,E27]",-8.182229725991348e-6
"txs[srv,E27,E27]",0.0
"txs[agr,ROW,E27]",-0.0001977669204902954
"txs[man,ROW,E27]",0.05523448662547733
"txs[srv,ROW,E27]",0.0
"txs[agr,USA,ROW]",1.3332857533506536e-8
"txs[man,USA,ROW]",0.0028125021225858145
"txs[srv,USA,ROW]",0.0
"txs[agr,E27,ROW]",-0.002800949164386684
"txs[man,E27,ROW]",-0.0014169825140251345
"txs[srv,E27,ROW]",0.0
"txs[agr,ROW,ROW]",-0.0004780790480126986
"txs[man,ROW,ROW]",0.019064291393613677
"txs[srv,ROW,ROW]",0.0
"tmarg[agr,USA,USA]",0.0
"tmarg[man,USA,USA]",0.0
"tmarg[srv,USA,USA]",0.0
"tmarg[agr,E27,USA]",0.13597299024036533
"tmarg[man,E27,USA]",0.032717085796121446
"tmarg[srv,E27,USA]",0.0
"tmarg[agr,ROW,USA]",0.20225620417265575
"tmarg[man,ROW,USA]",0.04753409181183739
"tmarg[srv,ROW,USA]",0.0
"tmarg[agr,USA,E27]",0.026667235041174565
"tmarg[man,USA,E27]",0.021830131626794785
"tmarg[srv,USA,E27]",0.0
"tmarg[agr,E27,E27]",0.05199974219213418
"tmarg[man,E27,E27]",0.022227973707517557
"tmarg[srv,E27,E27]",0.0
"tmarg[agr,ROW,E27]",0.11191681261925132
"tmarg[man,ROW,E27]",0.0457084540685525
"tmarg[srv,ROW,E27]",0.0
"tmarg[agr,USA,ROW]",0.14124425531623164
"tmarg[man,USA,ROW]",0.05072633024927553
"tmarg[srv,USA,ROW]",0.0
"tmarg[agr,E27,ROW]",0.08221257244343089
"tmarg[man,E27,ROW]",0.03789166221582861
"tmarg[srv,E27,ROW]",0.0
"tmarg[agr,ROW,ROW]",0.13547421803750845
"tmarg[man,ROW,ROW]",0.06131205484675667
"tmarg[srv,ROW,ROW]",0.0
"tms[agr,USA,USA]",0.0
"tms[man,USA,USA]",0.0
"tms[srv,USA,USA]",0.0
"tms[agr,E27,USA]",0.023181017234370303
"tms[man,E27,USA]",0.013503533270457292
"tms[srv,E27,USA]",0.0
"tms[agr,ROW,USA]",0.004881145058981498
"tms[man,ROW,USA]",0.01305171904741992
"tms[srv,ROW,USA]",0.0
"tms[agr,USA,E27]",0.03193030232986553
"tms[man,USA,E27]",0.021389356199370303
"tms[srv,USA,E27]",0.0
"tms[agr,E27,E27]",0.0003157903073315699
"tms[man,E27,E27]",9.628156101189297e-5
"tms[srv,E27,E27]",0.0
"tms[agr,ROW,E27]",0.02002380700618918
"tms[man,ROW,E27]",0.014094845546891934
"tms[srv,ROW,E27]",0.0
"tms[agr,USA,ROW]",0.16367857001435965
"tms[man,USA,ROW]",0.03247410795606473
"tms[srv,USA,ROW]",1.0161582334341521e-7
"tms[agr,E27,ROW]",0.09708115399135887
"tms[man,E27,ROW]",0.04552817526094197
"tms[srv,E27,ROW]",1.6125747730853326e-8
"tms[agr,ROW,ROW]",0.0874623843446278
"tms[man,ROW,ROW]",0.04108121283502126
"tms[srv,ROW,ROW]",3.387960852718388e-5
pop[USA],0.3115826110839844
pop[E27],0.44450431084632874
pop[ROW],6.199024203391746
"chi_qe[LAB,USA]",1.0
"chi_qe[CAP,USA]",1.0
"chi_qe[LAB,E27]",1.0
"chi_qe[CAP,E27]",1.0
"chi_qe[LAB,ROW]",1.0
"chi_qe[CAP,ROW]",1.0
pnum,1.0
